,rooms,age,direction,priceNum,priceLbl,area,location,gfa,cfa
0,,1 年,西北,"1,613.98",万,启德新区,尚‧珒溋 1座 7楼 D室,658,
1,2房,24 年,,730,万,坑口,东港城 7座 25楼 C室,463,588
2,,27 年,,"1,068",万,马鞍山,雅典居 3座 19楼 D室,727,901
3,,5 年,,863.48,万,元朗站,GRAND YOHO 2期 3座 9楼 G室,538,
4,1房,36 年,,488,万,沙田,希尔顿中心 C座 十五楼 5室,274,437
5,2房,24 年,,726,万,愉景新城,愉景新城 3期 12座 18楼 B室,477,593
6,3房,38 年,西北,835,万,绿杨,绿杨新邨 C座 30楼 8室,582,671
7,,22 年,东南,715,万,坑口,南丰广场 6座 12楼 H室,454,620
8,,28 年,东南,585,万,马鞍山,新港城 3期 R座 25楼 6室,337,449
9,,66 年,,706,万,太子,花园街224号 三楼 224号,778,
10,,22 年,,823,万,坑口,南丰广场 3座 13楼 B室,606,809
11,2房,20 年,,616.8,万,元朗站,采叶庭 7座 7楼 H室,460,609
12,2房,35 年,西北,558,万,荃湾市中心,荃丰中心 19楼 B室,336,447
13,,32 年,,"1,100",万,西半山,学士台 3座 二十五楼 G室,649,772
14,,49 年,,838,万,坚尼地城,五福大厦 B座 19楼 2室,525,
15,2房,20 年,西北,623,万,元朗站,采叶庭 11座 2楼 F室,509,673
16,2房,22 年,,500,万,粉岭,牵晴间 10座 12楼 H室,386,535
17,1房,3 年,,670,万,启德新区,天寰 天海汇3座 20楼 N室,329,
18,2房,8 年,西南,568,万,元朗东南,尚悦 5座 10楼 B室,403,547
19,2房,17 年,,750,万,坑口,蔚蓝湾畔 2座 15楼 F室,488,657
20,2房,13 年,东,831.6,万,太子,百汇轩 9楼 B室,468,670
21,2房,8 年,北,545,万,元朗东南,尚悦 12座 5楼 K室,411,560
22,,28 年,北,618,万,马鞍山,新港城 3期 Q座 23楼 5室,361,486
23,2房,43 年,,540,万,柴湾,柴湾戏院大厦 22楼 F室,408,510
24,,28 年,,540,万,马鞍山,马鞍山中心 2座 20楼 B室,364,492
25,,28 年,,790,万,坚尼地城,海怡花园 3座 31楼 D室,386,515
26,,44 年,,370,万,太子,昌基楼 四楼 C室,375,
27,2房,8 年,南,546.8,万,元朗东南,尚悦 5座 11楼 K室,414,565
28,,28 年,西,602.8,万,马鞍山,新港城 3期 Q座 19楼 7室,337,451
29,,22 年,东南,697.8,万,坑口,南丰广场 6座 10楼 H室,454,620
30,3房,20 年,西南,800,万,元朗站,采叶庭 7座 11楼 F室,658,868
31,2房,24 年,,698,万,坑口,东港城 3座 22楼 H室,524,666
32,,28 年,,600,万,马鞍山,新港城 3期 N座 14楼 6室,337,446
33,,47 年,,475,万,荃湾市中心,安富大厦 十四楼 C室,363,444
34,,51 年,,550,万,荃湾市中心,二陂坊8A号 三楼 D室(4室),614,
35,,31 年,,683.8,万,粉岭,粉岭中心 1期 A座 27楼 2室,535,685
36,2房,35 年,西北,537,万,沙田,伟华中心 1座 9楼 H室,297,404
37,1房,39 年,东北,560,万,沙田,好运中心 柏林阁 (C2座) 8楼 G室,326,418
38,2房,14 年,,860,万,湾仔,骏逸峰 16楼 D室,422,649
39,4房,33 年,,"3,600",万,跑马地,比华利山 A座 15楼 2室,"1,432","1,725"
40,,23 年,西南,668,万,元朗市中心,雍翠豪园 1座 43楼 B室,491,669
41,,4 年,,399,万,马鞍山,荟朗 1座 20楼 B01室,229,
42,,43 年,,565,万,坚尼地城,华宝大厦 11楼 E室,311,470
43,,1 年,,"2,472.7",万,启德新区,尚‧珒溋 1座 23楼 B室,853,
44,,56 年,,500,万,太子,通菜街182号 二楼 182号,686,
45,3房,14 年,东北,971.8,万,大角咀,柏丰28 29楼 C室,574,761
46,2房,8 年,东南,570,万,元朗东南,尚悦 8座 6楼 H室,443,603
47,3房,11 年,东南,"1,000",万,元朗站,YOHO TOWN 2期 YOHO MIDTOWN 1座 35楼 C室,607,793
48,,24 年,,862,万,元朗东南,朗晴居 11座 3楼 F室,744,884
49,2房,20 年,东南,638,万,元朗站,采叶庭 6座 6楼 B室,509,674
50,,44 年,,275,万,深水埗,福昇大厦 11楼 F室,184,231
51,2房,3 年,,"1,118",万,启德新区,龙誉 1A座 5楼 F室,521,
52,1房,4 年,西北,785,万,启德新区,启德1号 I 大厦第2座 8楼 D室,368,
53,3房,17 年,东北,908,万,坑口,蔚蓝湾畔 2座 6楼 D室,651,877
54,2房,17 年,,758,万,坑口,蔚蓝湾畔 5座 5楼 B室,488,657
55,2房,3 年,东,"1,000",万,启德新区,天寰 天海汇3座 5楼 M室,466,
56,,42 年,,605,万,湾仔,帝城大厦 9楼 A室,394,521
57,3房,16 年,,"1,800",万,坚尼地城,怡峰 35楼 A室,818,"1,090"
58,,23 年,南,828,万,马鞍山,海典居 5座 17楼 E室,558,713
59,,51 年,,380,万,太子,新填地街612号 三楼 612号,429,
60,,1 年,,"1,567.65",万,启德新区,尚‧珒溋 2座 31楼 L室,585,
61,,55 年,,880,万,铜锣湾,泰港大厦 十二楼 C室,684,
62,,29 年,东南,800,万,马鞍山,新港城 1期 B座 15楼 8室,568,687
63,,49 年,,429,万,荃湾市中心,德仁楼 15期 二楼 B室,428,
64,,24 年,,680,万,马鞍山,雅涛居 2座 19楼 F室,482,670
65,,3 年,南,"4,070",万,启德新区,龙誉 2B座 36楼 A室,"1,010",
66,,50 年,,320,万,深水埗,福华街9号 三楼 後座(B室),300,
67,2房,8 年,,575,万,元朗东南,尚悦 6座 19楼 G室,440,595
68,,4 年,,398,万,马鞍山,荟朗 2座 10楼 B01室,229,
69,3房,38 年,东南,738,万,绿杨,绿杨新邨 C座 1楼 4室,582,667
70,,24 年,东北,725,万,元朗东南,朗晴居 6座 3楼 B室,756,901
71,,3 年,,"4,680",万,启德新区,OASIS KAI TAK 低座A座,"1,359",
72,2房,5 年,西北,938.8,万,元朗站,GRAND YOHO 2期 8座 41楼 D室,532,
73,,28 年,,560,万,马鞍山,新港城 3期 N座 6楼 2室,337,446
74,,26 年,,815,万,坚尼地城,慧华阁 7楼 D室,453,646
75,1房,3 年,南,777,万,启德新区,天寰 天海汇3座 20楼 D室,343,
76,2房,24 年,,680,万,愉景新城,愉景新城 3期 9座 26楼 C室,477,593
77,2房,25 年,西北,703.8,万,愉景新城,愉景新城 1期 1座 19楼 B室,474,593
78,2房,8 年,,558,万,元朗东南,尚悦 1座 5楼 G室,425,575
79,2房,24 年,,728,万,坑口,东港城 7座 42楼 G室,463,595
80,3房,38 年,东北,690,万,绿杨,绿杨新邨 E座 5楼 1室,582,671
81,2房,27 年,西南,653.8,万,马鞍山,海柏花园 6座 21楼 D室,438,578
82,3房,3 年,东南,"1,780",万,启德新区,嘉汇 8座 26楼 D室,797,
83,1房,4 年,东南,799,万,启德新区,启德1号 I 大厦第2座 7楼 H室,376,
84,1房,3 年,南,750,万,启德新区,嘉汇 1座 2楼 F室,372,
85,,36 年,,460,万,元朗市中心,好顺景大厦 1座 (A座) 12楼 H室(8号室),358,510
86,,44 年,,720,万,铜锣湾,乐声大厦 B座 二十二楼 7室,390,475
87,2房,39 年,西北,750,万,绿杨,绿杨新邨 Q座 25楼 3室,451,527
88,2房,36 年,,587.5,万,坚尼地城,嘉辉花园 A座 三十一楼 3室,282,377
89,2房,13 年,,570,万,太子,富威阁 27楼 B室,324,498
90,4房,11 年,东,"1,200",万,元朗站,YOHO TOWN 2期 YOHO MIDTOWN 7座 37楼 E室,938,"1,222"
91,,41 年,,525,万,太子,文华阁 十楼 B室,348,480
92,2房,11 年,北,700,万,元朗站,YOHO TOWN 2期 YOHO MIDTOWN 3座 12楼 A室,443,573
93,,24 年,东南,745,万,元朗东南,朗晴居 5座 7楼 D室,739,882
94,2房,21 年,,716,万,马鞍山,迎涛湾 2座 (B座) 38楼 F室,487,664
95,,29 年,,785,万,坚尼地城,海怡花园 2座 35楼 3室,378,532
96,2房,21 年,西北,958,万,坚尼地城,加惠台 2座 10楼 C室,464,589
97,,27 年,东北,661.8,万,马鞍山,新港城 4期 F座 41楼 6室,363,496
98,3房,36 年,东北,673,万,沙田,希尔顿中心 B座 一楼 1室,475,757
99,,30 年,,580,万,粉岭,粉岭中心 2期 L座 26楼 3室,510,658
100,,57 年,,600,万,铜锣湾,钻石大楼 七楼 466号,545,
101,2房,20 年,西北,580,万,元朗站,采叶庭 15座 15楼 D室,460,609
102,,4 年,,419.8,万,马鞍山,荟朗 2座 12楼 A02室,221,
103,3房,4 年,,"1,700",万,启德新区,启德1号 I 大厦第1座 29楼 A室,818,
104,,27 年,北,925,万,马鞍山,雅典居 10座 23楼 A室,775,943
105,,24 年,东北,625,万,马鞍山,雅景台 4座 11楼 F室,475,638
106,,28 年,东北,665,万,元朗站,新元朗中心 4座 23楼 C室,466,576
107,,36 年,西北,453,万,元朗市中心,好顺景大厦 1座 (A座) 21楼 H室(8号室),358,510
108,2房,20 年,,490,万,元朗站,采叶庭 3座 9楼 H室,460,609
109,,28 年,西,620,万,粉岭,碧湖花园 7座 7楼 G室,488,630
110,2房,8 年,西南,585,万,元朗东南,尚悦 8座 12楼 C室,443,603
111,,54 年,,710,万,铜锣湾,骆克道470-472号 9楼 472号,602,
112,,33 年,,502.5,万,湾仔,特丽楼 8楼 B室,271,390
113,3房,30 年,,"1,018",万,沙田,新城市广场 3期 红棉阁 (5座) 20楼 A室,640,753
114,2房,18 年,东北,658,万,元朗站,YOHO TOWN 1期 3座 35楼 B室,393,525
115,1房,40 年,,475,万,柴湾,永利中心 B座 二十一楼 B8室,264,371
116,2房,21 年,,975,万,坚尼地城,加惠台 1座 23楼 C室,464,589
117,2房,18 年,,675,万,元朗站,YOHO TOWN 1期 3座 16楼 E室,433,580
118,2房,6 年,,"1,280",万,坚尼地城,浚峰 42楼 D室,464,
119,2房,23 年,西北,660,万,坑口,新宝城 1座 41楼 C室,377,527
120,2房,11 年,,777,万,元朗站,YOHO TOWN 2期 YOHO MIDTOWN 3座 22楼 G室,475,621
121,2房,18 年,东北,648,万,元朗站,YOHO TOWN 1期 8座 13楼 D室,422,544
122,4房,11 年,,"1,405",万,元朗站,YOHO TOWN 2期 YOHO MIDTOWN 6座 50楼 E室,"1,045","1,337"
123,,26 年,,810,万,坚尼地城,翰林轩 1座 35楼 A室,401,529
124,,24 年,,"1,028",万,元朗市中心,合益广场 A座 15楼 2室,990,"1,361"
125,,5 年,,964.53,万,元朗站,GRAND YOHO 2期 8座 25楼 D室,532,
126,,30 年,,609,万,粉岭,粉岭中心 2期 K座 15楼 6室,520,670
127,2房,18 年,西南,650,万,元朗站,YOHO TOWN 1期 7座 8楼 A室,422,544
128,,28 年,西北,515,万,元朗市中心,康德阁 11楼 A室,428,556
129,,35 年,东北,336,万,元朗市中心,益利大厦 1楼 A室,338,411
130,2房,20 年,东南,615,万,元朗站,采叶庭 8座 8楼 D室,460,609
131,1房,39 年,东北,510,万,沙田,好运中心 柏林阁 (C2座) 4楼 F室,334,422
132,2房,21 年,,950,万,坚尼地城,加惠台 1座 33楼 B室,464,588
133,,26 年,,728,万,坚尼地城,慧华阁 11楼 A室,453,659
134,3房,20 年,南,820,万,元朗站,采叶庭 7座 12楼 C室,658,868
135,1房,40 年,西南,508,万,沙田,沙田中心 新宁大厦 (G座) 5楼 F室,297,371
136,3房,6 年,,"1,600",万,坚尼地城,浚峰 17楼 C室,658,
137,2房,24 年,,705,万,坑口,东港城 3座 10楼 G室,466,599
138,,32 年,,303,万,深水埗,裕兴大厦 11楼 B室,212,321
139,3房,8 年,,775,万,元朗东南,尚悦 10座 10楼 A室,743,"1,014"
140,2房,8 年,西北,518,万,元朗东南,尚悦 5座 7楼 F室,355,492
141,,34 年,东南,"1,200",万,沙田,沙田广场 宝星阁 (D座) 20楼 1室,836,"1,046"
142,2房,8 年,,530,万,元朗东南,尚悦 1座 20楼 E室,356,493
143,,31 年,,640,万,坚尼地城,顺安大厦 18楼 B室,353,500
144,2房,40 年,,600,万,沙田,沙田中心 新宁大厦 (G座) 15楼 D室,378,467
145,,5 年,,882.32,万,元朗站,GRAND YOHO 2期 3座 17楼 G室,538,
146,3房,33 年,,998,万,何文田,太子花苑 4楼 B室,807,985
147,,32 年,,878,万,坚尼地城,西宁阁 9楼 B室,475,582
148,,27 年,北,930,万,马鞍山,新港城 4期 E座 20楼 4室,618,832
149,,27 年,西南,600,万,马鞍山,新港城 4期 M座 15楼 7室,338,461
150,2房,18 年,,622,万,元朗站,YOHO TOWN 1期 9座 3楼 D室,422,544
151,,28 年,西,612,万,马鞍山,新港城 3期 Q座 24楼 7室,337,451
152,2房,23 年,东南,653,万,坑口,海悦豪园 1座 5楼 C室,432,595
153,1房,3 年,北,796,万,启德新区,龙誉 1A座 16楼 E室,350,
154,,42 年,,400,万,坚尼地城,美华大厦 二十楼 B室,252,340
155,,28 年,,568,万,粉岭,粉岭名都 龙腾阁 (4座) 19楼 D室,454,608
156,3房,24 年,,920,万,坑口,东港城 7座 36楼 D室,619,790
157,4房,36 年,,"5,250",万,跑马地,云地利台 C座 18楼 5室,"1,863","2,121"
158,,39 年,西北,395,万,元朗市中心,好顺意大厦 B座 9楼 3室,268,354
159,,24 年,东南,790,万,元朗东南,朗晴居 1座 12楼 D室,748,894
160,,5 年,,"1,520",万,元朗站,GRAND YOHO 2期 8座 8楼 F室,906,
161,,4 年,,383,万,马鞍山,荟朗 1座 19楼 B02室,221,
162,,5 年,,"1,027.08",万,元朗站,GRAND YOHO 2期 3座 7楼 B室,634,
163,,3 年,西北,797.2,万,启德新区,OASIS KAI TAK 1座 8楼 C室,295,
164,3房,8 年,,825,万,元朗东南,尚悦 8座 18楼 A室,743,"1,014"
165,,55 年,,311,万,大角咀,百福大厦 五楼 32A号,357,
166,1房,40 年,,455,万,柴湾,永利中心 C座 二十三楼 C8室,260,368
167,,50 年,,390,万,柴湾,建业大楼 二十二楼 G室,280,
168,,4 年,,406,万,马鞍山,荟朗 2座 25楼 B02室,225,
169,,31 年,,495,万,粉岭,粉岭中心 1期 G座 20楼 1室,368,470
170,,33 年,,"1,160",万,坚尼地城,再辉大厦 26楼 D室,607,784
171,,55 年,,563,万,铜锣湾,轩尼诗道459-465号 八楼 463号,532,700
172,,28 年,西北,630,万,马鞍山,新港城 3期 Q座 12楼 1室,369,498
173,2房,23 年,,720,万,坑口,新宝城 1座 47楼 E室,434,603
174,,25 年,西南,710,万,马鞍山,新港城 5期 海涛居 3座 29楼 G室,417,544
175,,51 年,,560,万,荃湾市中心,众安大厦 B座 十楼 B3室,552,
176,3房,30 年,,"1,300",万,沙田,新城市广场 3期 紫藤阁 (2座) 23楼 A室,876,"1,020"
177,3房,27 年,,"1,500",万,沙田,晓翠山庄 2座 5楼 B室,"1,066","1,287"
178,2房,8 年,南,588,万,元朗东南,尚悦 12座 19楼 B室,440,598
179,,49 年,,350,万,荃湾市中心,德宝大厦 4楼 E室,278,321
180,2房,18 年,西南,710,万,元朗站,YOHO TOWN 1期 9座 17楼 G室,461,595
181,,5 年,,"1,624.04",万,元朗站,GRAND YOHO 2期 5座 7楼 E室,899,
182,,4 年,,395,万,马鞍山,荟朗 1座 21楼 A02室,225,
183,,32 年,东南,508.8,万,太子,丽明大厦 14楼 D室,324,453
184,,30 年,,380,万,太子,新利大厦 2楼 F室,311,386
185,,23 年,西南,680,万,元朗市中心,雍翠豪园 2座 1楼 D室,667,902
186,,5 年,,"1,498",万,元朗站,GRAND YOHO 2期 5座 22楼 D室,788,
187,,40 年,西北,395,万,元朗市中心,金马大厦 六楼 H室,305,380
188,2房,18 年,东北,712,万,元朗站,YOHO TOWN 1期 9座 13楼 C室,463,599
189,2房,36 年,西北,599,万,荃湾市中心,荃锦中心 2座 27楼 H室,375,506
190,2房,17 年,东南,"1,050",万,坚尼地城,泓都 2座 42楼 C室,474,638
191,2房,8 年,东北,665,万,元朗东南,RESIDENCE 誉88 2座 22楼 C室,456,590
192,,30 年,,"1,000",万,沙田,新城市广场 3期 银桦阁 (4座) 23楼 G室,652,767
193,2房,5 年,,842,万,元朗站,GRAND YOHO 1期 10座 7楼 A室,539,
194,2房,8 年,西北,526.5,万,元朗东南,尚悦 6座 27楼 D室,357,499
195,2房,22 年,,515,万,粉岭,牵晴间 10座 27楼 H室,386,535
196,2房,21 年,,950,万,坚尼地城,加惠台 2座 25楼 G室,464,589
197,,27 年,东,745,万,马鞍山,海柏花园 2座 27楼 C室,400,535
198,2房,23 年,东北,642.8,万,坑口,新宝城 1座 27楼 B室,378,528
199,,57 年,,256,万,太子,大南街107号 十楼 107号,597,
200,,55 年,,"1,500",万,何文田,福园 七楼 5A室,"1,098",
201,,24 年,南,812.8,万,元朗东南,朗晴居 8座 12楼 C室,750,902
202,1房,40 年,东北,575,万,沙田,沙田中心 海宁大厦 (B座) 20楼 C室,310,385
203,,39 年,西北,680,万,绿杨,绿杨新邨 K座 18楼 7室,445,511
204,3房,10 年,,727.5,万,元朗站,尚豪庭 1座 7楼 B室,603,790
205,,5 年,,"2,370",万,元朗站,GRAND YOHO 2期 5座 27楼 C室,"1,185",
206,1房,39 年,东北,590,万,沙田,好运中心 柏林阁 (C2座) 17楼 H室,326,426
207,2房,8 年,东南,515,万,元朗东南,尚悦 2座 17楼 F室,356,493
208,,36 年,,230,万,元朗市中心,合益大厦 5楼 K室,159,208
209,2房,21 年,,"1,000",万,坚尼地城,加惠台 2座 36楼 C室,464,588
210,3房,8 年,南,785,万,元朗东南,尚悦 9座 10楼 A室,743,"1,014"
211,,57 年,,"1,100",万,铜锣湾,华都大厦 三楼 D室,"1,027","1,500"
212,,24 年,,"1,008",万,马鞍山,雅涛居 1座 39楼 C室,696,945
213,3房,24 年,,900,万,愉景新城,愉景新城 3期 10座 2楼 A室,658,822
214,3房,11 年,,"1,250",万,元朗站,YOHO TOWN 2期 YOHO MIDTOWN 1座 20楼 E室,760,991
215,,28 年,,845,万,坚尼地城,海怡花园 3座 31楼 C室,386,515
216,3房,38 年,西北,770,万,绿杨,绿杨新邨 D座 3楼 1室,582,671
217,,5 年,,868.87,万,元朗站,GRAND YOHO 2期 3座 11楼 G室,538,
218,,33 年,北,515,万,湾仔,特丽楼 15楼 B室,271,390
219,,23 年,,700,万,马鞍山,海典居 1座 10楼 E室,574,743
220,,28 年,东,600,万,马鞍山,马鞍山中心 1座 24楼 F室,375,506
221,2房,36 年,,585,万,坚尼地城,嘉辉花园 B座 三十楼 8室,282,377
222,2房,22 年,东北,598,万,粉岭,牵晴间 4座 28楼 G室,438,602
223,1房,44 年,,403,万,柴湾,金源洋楼 A座 14楼 2室,260,351
224,1房,6 年,北,740,万,铜锣湾,yoo Residence 7楼 G室,355,486
225,,49 年,,630,万,湾仔,伟德大厦 六楼 9室,546,
226,3房,17 年,东南,"1,040",万,坚尼地城,绿意居 26楼 D室,535,752
227,2房,17 年,西南,"1,200",万,坚尼地城,泓都 1座 60楼 F室,496,655
228,,29 年,,370,万,坚尼地城,世安楼 3楼 B室,286,343
229,,51 年,,420,万,太子,宝兴大楼 十二楼 K室,365,348
230,2房,18 年,东北,668,万,元朗站,YOHO TOWN 1期 8座 35楼 E室,422,544
231,2房,8 年,,508,万,元朗东南,尚悦 10座 15楼 E室,357,499
232,2房,11 年,北,798,万,元朗站,YOHO TOWN 2期 YOHO MIDTOWN 2座 38楼 B室,475,621
233,1房,39 年,,570,万,沙田,好运中心 柏林阁 (C2座) 19楼 H室,326,426
234,,28 年,东,603,万,马鞍山,马鞍山中心 4座 7楼 F室,381,516
235,,4 年,,436,万,马鞍山,荟朗 2座 7楼 A03室,266,
236,,28 年,,575,万,马鞍山,新港城 3期 R座 20楼 2室,337,449
237,,5 年,,"1,567.27",万,元朗站,GRAND YOHO 2期 5座 27楼 D室,789,
238,,5 年,,843.72,万,元朗站,GRAND YOHO 2期 8座 7楼 D室,534,
239,2房,40 年,,643,万,沙田,沙田中心 新宁大厦 (G座) 18楼 D室,378,467
240,2房,23 年,东北,673,万,坑口,新宝城 1座 8楼 A室,436,606
241,2房,21 年,东南,688,万,马鞍山,迎涛湾 1座 (A座) 23楼 D室,506,683
242,2房,22 年,东北,535,万,粉岭,牵晴间 5座 13楼 A室,384,532
243,,37 年,东南,436,万,元朗市中心,好顺利大厦 2座 15楼 A室,356,499
244,,27 年,西北,625,万,马鞍山,新港城 4期 M座 26楼 2室,363,492
245,,27 年,,648,万,马鞍山,新港城 4期 E座 34楼 3室,363,492
246,2房,8 年,,512,万,元朗东南,尚悦 8座 16楼 E室,355,492
247,,24 年,东南,795,万,马鞍山,雅景台 2座 9楼 C室,656,882
248,,45 年,,475,万,坚尼地城,华辉大厦 九楼 B室,293,374
249,3房,27 年,,"1,000",万,沙田,晓翠山庄 9座 10楼 D室,817,978
250,,29 年,西北,750,万,马鞍山,新港城 2期 C座 22楼 1室,490,605
251,2房,8 年,西南,518,万,元朗东南,尚悦 12座 9楼 E室,355,492
252,,43 年,,640,万,铜锣湾,骆克大厦 A座 14楼 A3室,447,802
253,,56 年,,500,万,湾仔,福基大厦 9楼 D室,348,480
254,,22 年,西北,633,万,坑口,南丰广场 5座 33楼 G室,375,511
255,3房,38 年,东南,820,万,绿杨,绿杨新邨 G座 18楼 5室,582,671
256,2房,3 年,,"1,050",万,启德新区,嘉汇 2座 7楼 E室,490,
257,2房,22 年,西南,540,万,粉岭,牵晴间 2座 25楼 E室,384,531
258,,3 年,南,"3,450",万,启德新区,龙誉 2B座 37楼 F室,910,
259,,3 年,,"3,510",万,启德新区,龙誉 2B座 38楼 F室,910,
260,,29 年,东南,600,万,马鞍山,新港城 2期 D座 29楼 2室,321,405
261,2房,24 年,,751,万,愉景新城,愉景新城 3期 11座 36楼 B室,493,610
262,3房,18 年,东南,760,万,元朗站,YOHO TOWN 1期 3座 12楼 D室,516,684
263,2房,39 年,西北,613.8,万,沙田,好运中心 榆林阁 (A2座) 15楼 A室,390,505
264,,52 年,,480,万,粉岭,和泰街33号 三楼 33号,803,
265,2房,38 年,,576,万,柴湾,高威阁 3座 二十二楼 D室,396,484
266,,55 年,,330,万,大角咀,百福大厦 六楼 36号,453,
267,2房,23 年,东北,680,万,坑口,新宝城 3座 27楼 A室,436,604
268,2房,18 年,,700,万,元朗站,YOHO TOWN 1期 1座 30楼 G室,393,525
269,,5 年,,"1,552.3",万,元朗站,GRAND YOHO 2期 5座 20楼 D室,788,
270,,28 年,东南,660,万,元朗站,新元朗中心 1座 22楼 F室,466,576
271,2房,17 年,,800,万,坚尼地城,绿意居 17楼 B室,399,551
272,,27 年,北,"1,000",万,马鞍山,雅典居 6座 6楼 B室,874,"1,068"
273,3房,18 年,东北,828,万,元朗站,YOHO TOWN 1期 2座 38楼 E室,516,684
274,,29 年,东南,782,万,马鞍山,新港城 1期 B座 27楼 8室,568,687
275,,43 年,,500,万,湾仔,宝灵大厦 6楼 B室,401,478
276,2房,36 年,,588,万,坚尼地城,嘉辉花园 C座 十二楼 3室,314,413
277,1房,4 年,,556,万,马鞍山,荟晴 1座 8楼 A07室,293,
278,,44 年,,688,万,湾仔,维新大厦 二十一楼 D室,371,461
279,2房,5 年,东,840,万,元朗站,GRAND YOHO 1期 1座 6楼 E室,502,
280,,3 年,,"3,350",万,启德新区,龙誉 2A座 37楼 F室,926,
281,2房,3 年,,"1,020",万,启德新区,天寰 天海汇2座 15楼 F室,461,
282,2房,3 年,西南,660,万,粉岭,囍逸 1座 18楼 H室,470,
283,,23 年,西北,606,万,元朗市中心,雍翠豪园 1座 26楼 C室,446,606
284,2房,11 年,,765,万,元朗站,YOHO TOWN 2期 YOHO MIDTOWN 2座 25楼 B室,475,621
285,,4 年,,380,万,马鞍山,荟朗 1座 19楼 B01室,229,
286,,60 年,,208,万,大角咀,永信大楼 9楼 C室 (57号2室),220,
287,2房,8 年,东南,550,万,元朗东南,尚悦 1座 10楼 B室,410,557
288,,39 年,西南,845,万,绿杨,绿杨新邨 J座 17楼 4室,582,667
289,2房,21 年,东南,703,万,马鞍山,迎涛湾 1座 (A座) 21楼 D室,506,683
290,3房,8 年,东南,738,万,元朗东南,尚悦 13座 7楼 H室,660,900
291,,33 年,,580,万,元朗市中心,昌威大厦 17楼 H室,537,650
292,2房,18 年,西南,628,万,元朗站,YOHO TOWN 1期 1座 19楼 F室,393,525
293,,5 年,,"2,390.41",万,元朗站,GRAND YOHO 2期 5座 29楼 C室,"1,185",
294,,28 年,,680,万,元朗站,新元朗中心 2座 28楼 A室,485,599
295,,27 年,,600,万,马鞍山,新港城 4期 H座 15楼 7室,363,495
296,,29 年,,563,万,马鞍山,新港城 1期 B座 30楼 2室,348,425
297,,24 年,北,988,万,马鞍山,雅涛居 1座 30楼 C室,696,945
298,4房,23 年,,870,万,坑口,海悦豪园 2座 40楼 H室,606,812
299,,58 年,,"2,435",万,铜锣湾,东宁大厦 十五楼 B室,"1,330","1,600"
300,,50 年,,377,万,柴湾,满华楼 11楼 12室,316,
301,3房,35 年,,650,万,荃湾市中心,荃丰中心 21楼 G室,493,666
302,,57 年,,575,万,铜锣湾,新城大厦 四楼 B室,361,
303,,56 年,,720,万,跑马地,协德大厦 八楼 2号,341,450
304,2房,28 年,南,500,万,粉岭,碧湖花园 6座 17楼 F室,400,518
305,,22 年,东北,640,万,坑口,南丰广场 2座 6楼 C室,419,575
306,3房,22 年,西南,715,万,粉岭,牵晴间 7座 14楼 F室,578,788
307,,24 年,东北,"1,080",万,马鞍山,雅涛居 1座 37楼 B室,785,"1,060"
308,2房,11 年,,845,万,元朗站,YOHO TOWN 2期 YOHO MIDTOWN 3座 29楼 E室,507,653
309,,46 年,东北,376,万,元朗市中心,远东发展元朗大厦 20楼 G室,313,
310,,55 年,,318,万,大角咀,庆年大楼 14楼 I室,319,
311,2房,19 年,,559,万,粉岭,帝庭轩 御庭轩 6座 20楼 A室,421,604
312,,40 年,,306,万,太子,金荔阁 十楼 F室,191,275
313,,39 年,,398,万,铜锣湾,利发大厦 十楼 A室,219,350
314,,32 年,,888,万,西半山,学士台 3座 六楼 H室,531,620
315,,47 年,,"1,350",万,何文田,崇明大厦 9楼 A室(前座),877,
316,3房,21 年,西北,"1,235",万,坚尼地城,加惠台 2座 12楼 D室,639,804
317,2房,10 年,,674,万,元朗站,尚豪庭 3座 18楼 A室,519,670
318,,48 年,,450,万,荃湾市中心,昌华大厦 A座 二十楼 A3室,482,
319,,63 年,,235,万,荃湾市中心,众安街89-99号 四楼 G室(89号後座),372,
320,,3 年,,"4,601.6",万,启德新区,OASIS KAI TAK 低座A座,"1,437",
321,2房,18 年,东北,650,万,元朗站,YOHO TOWN 1期 5座 35楼 F室,393,525
322,2房,17 年,西北,820,万,坑口,蔚蓝湾畔 1座 45楼 A室,491,661
323,,22 年,,"1,088",万,坚尼地城,高逸华轩 58楼 E室,438,619
324,,28 年,,530,万,粉岭,碧湖花园 3座 25楼 H室,400,515
325,2房,23 年,北,688,万,坑口,新宝城 2座 45楼 E室,434,603
326,2房,19 年,,665,万,荃湾市中心,翡翠广场 26楼 C室,422,626
327,2房,8 年,,700,万,元朗东南,RESIDENCE 誉88 1座 20楼 E室,510,666
328,,55 年,,488,万,铜锣湾,美汉大厦 十二楼 G室,351,500
329,3房,34 年,,780,万,柴湾,新翠花园 4座 12楼 B室,533,642
330,,29 年,,330,万,太子,荔枝角道83号 1楼 A室,229,360
331,,54 年,,620,万,湾仔,新都楼 8楼 A室,490,
332,,17 年,,928,万,太子,海雅豪苑 14楼 65-67号,777,"1,354"
333,,28 年,东北,535,万,粉岭,碧湖花园 7座 21楼 A室,441,568
334,,27 年,南,833,万,马鞍山,新港城 4期 L座 20楼 5室,551,743
335,2房,34 年,西南,500,万,荃湾市中心,荃昌中心 昌宁大厦 15楼 G室,316,403
336,,36 年,,371,万,太子,富宁阁 2楼 F室,246,323
337,2房,11 年,东北,752,万,元朗站,YOHO TOWN 2期 YOHO MIDTOWN 1座 32楼 B室,475,621
338,,27 年,,850,万,马鞍山,新港城 4期 E座 22楼 8室,551,744
339,3房,20 年,,"4,230",万,跑马地,礼顿山 1座 10楼 A室,"1,087","1,438"
340,2房,22 年,西南,583.8,万,粉岭,牵晴间 9座 7楼 F室,428,587
341,,44 年,,320,万,深水埗,福昇大厦 1楼 D室,205,262
342,2房,5 年,东,902,万,元朗站,GRAND YOHO 2期 8座 37楼 G室,543,
343,,5 年,,890.2,万,元朗站,GRAND YOHO 2期 8座 16楼 D室,534,
344,,5 年,,887.54,万,元朗站,GRAND YOHO 2期 8座 15楼 D室,534,
345,2房,8 年,,545,万,元朗东南,尚悦 3座 2楼 G室,442,607
346,,37 年,,380,万,元朗市中心,玉龙楼 12楼 F室,288,395
347,,41 年,,490,万,坚尼地城,恒裕大厦 八楼 B室,257,322
348,3房,11 年,东南,"1,328",万,元朗站,YOHO TOWN 2期 YOHO MIDTOWN 8座 30楼 D室,893,"1,148"
349,,5 年,,"1,495",万,元朗站,GRAND YOHO 2期 5座 19楼 D室,788,
350,2房,5 年,西北,839,万,元朗站,GRAND YOHO 1期 9座 6楼 D室,499,
351,,5 年,,874.34,万,元朗站,GRAND YOHO 2期 8座 9楼 D室,534,
352,2房,24 年,西南,773,万,坑口,东港城 3座 32楼 D室,524,666
353,,5 年,,"1,544.56",万,元朗站,GRAND YOHO 2期 5座 8楼 E室,899,
354,,51 年,,468,万,太子,宝兴大楼 八楼 F室,420,
355,,32 年,,880,万,西半山,学士台 3座 二楼 D室,531,620
356,2房,40 年,西南,620,万,沙田,沙田中心 安宁大厦 (E座) 5楼 A室,390,507
357,2房,23 年,东北,670,万,坑口,新宝城 6座 30楼 A室,434,603
358,,43 年,,225,万,太子,金隆楼 六楼 C室,313,398
359,2房,38 年,东南,738,万,绿杨,绿杨新邨 B座 29楼 3室,451,518
360,1房,18 年,,545,万,太子,别树华轩 28楼 D室,267,389
361,,61 年,,420,万,荃湾市中心,石碧新村 B座 三楼 99号,615,
362,3房,25 年,东北,850,万,愉景新城,愉景新城 1期 3座 16楼 D室,582,723
363,2房,23 年,,675,万,坑口,海悦豪园 1座 11楼 C室,432,595
364,2房,22 年,西南,540,万,粉岭,牵晴间 9座 23楼 E室,385,532
365,,42 年,,622,万,坚尼地城,海傍大厦 18楼 E室,344,380
366,2房,11 年,,"1,260",万,坚尼地城,宝雅山 10楼 D室,581,781
367,,27 年,,580,万,坚尼地城,晓顺阁 8楼 B室,335,590
368,,22 年,,700,万,柴湾,湾景园 16楼 A室,450,616
369,,30 年,,506.8,万,粉岭,粉岭中心 2期 K座 25楼 5室,365,469
370,,3 年,南,"3,888.5",万,启德新区,龙誉 2B座 35楼 A室,"1,010",
371,,3 年,,"4,245.05",万,启德新区,天寰 星寰汇1座,"1,420",
372,2房,39 年,西南,615,万,沙田,好运中心 竹林阁 (D1座) 2楼 D室,443,563
373,2房,8 年,,578,万,元朗东南,尚悦 1座 25楼 J室,403,545
374,,47 年,,200,万,元朗市中心,建安楼 五楼 G室,423,500
375,2房,10 年,,688,万,元朗站,尚豪庭 3座 20楼 A室,519,670
376,,28 年,东,601.88,万,马鞍山,新港城 3期 P座 25楼 6室,337,486
377,2房,8 年,,595,万,元朗东南,尚悦 3座 20楼 H室,440,595
378,2房,22 年,东北,530,万,粉岭,牵晴间 3座 6楼 H室,393,533
379,2房,20 年,东北,655,万,元朗站,采叶庭 15座 6楼 F室,509,673
380,2房,17 年,东南,840,万,坑口,蔚蓝湾畔 7座 43楼 E室,510,678
381,3房,17 年,东南,"1,500",万,坑口,蔚蓝湾畔 7座 43楼 A室,943,"1,260"
382,2房,43 年,,580,万,柴湾,柴湾戏院大厦 14楼 B室,437,539
383,,44 年,西南,535,万,荃湾市中心,富华中心 7楼 B室,385,465
384,,27 年,西南,635,万,马鞍山,新港城 4期 J座 12楼 7室,363,496
385,,27 年,,619,万,马鞍山,新港城 4期 J座 32楼 2室,338,465
386,3房,38 年,东北,878,万,绿杨,绿杨新邨 P座 28楼 4室,582,667
387,,5 年,,"1,353.95",万,元朗站,GRAND YOHO 2期 8座 28楼 A室,713,
388,,28 年,,525,万,粉岭,粉岭名都 富临阁 (6座) 1楼 C室,454,608
389,2房,22 年,西南,543.8,万,粉岭,牵晴间 4座 26楼 E室,384,532
390,,30 年,,630,万,粉岭,粉岭中心 2期 K座 22楼 6室,520,670
391,2房,8 年,西南,567,万,元朗东南,尚悦 5座 23楼 C室,443,603
392,2房,17 年,东南,799,万,坑口,蔚蓝湾畔 7座 37楼 C室,487,656
393,,51 年,,320,万,太子,宝兴大楼 五楼 M室,340,
394,,34 年,,426,万,深水埗,永发大厦 三楼 D室,279,365
395,,34 年,,587,万,湾仔,华发大厦 19楼 C室,326,413
396,2房,18 年,西北,670,万,元朗站,YOHO TOWN 1期 1座 18楼 H室,433,580
397,1房,3 年,东南,778,万,启德新区,嘉汇 6座,358,
398,,29 年,东南,725,万,马鞍山,新港城 2期 C座 6楼 8室,490,605
399,,46 年,,518,万,湾仔,积福大厦 十七楼 C室,332,430
400,,5 年,,892.87,万,元朗站,GRAND YOHO 2期 8座 17楼 D室,534,
401,,3 年,南,"1,087.8",万,启德新区,OASIS KAI TAK 2座 5楼 B室,494,
402,3房,5 年,,"1,588",万,元朗站,GRAND YOHO 2期 3座 7楼 C室,899,
403,,2 年,,390,万,太子,逸新 17楼 D室,179,
404,,42 年,,500,万,太子,钜成大楼 五楼 A室,352,500
405,,56 年,,405,万,太子,太华楼 七楼 D室,335,
406,1房,40 年,西北,521,万,沙田,沙田中心 新宁大厦 (G座) 25楼 H室,292,356
407,2房,8 年,,540,万,元朗东南,尚悦 13座 8楼 J室,440,598
408,,1 年,,"2,061.24",万,启德新区,尚‧珒溋 2座 28楼 F室,752,
409,,58 年,,168,万,深水埗,界限街19号 三楼 19号 (B室),332,
410,,45 年,,473,万,太子,乐胜大厦 13楼 43号(D室),307,400
411,2房,8 年,西北,530,万,元朗东南,尚悦 11座 2楼 H室,426,577
412,,3 年,,"3,710.7",万,启德新区,OASIS KAI TAK 低座D座,"1,198",
413,3房,38 年,西南,800,万,绿杨,绿杨新邨 P座 16楼 8室,582,671
414,2房,8 年,东北,563,万,元朗东南,尚悦 1座 9楼 J室,411,556
415,,24 年,,"1,138",万,马鞍山,雅涛居 1座 27楼 A室,779,"1,053"
416,3房,19 年,,720,万,粉岭,帝庭轩 御庭轩 6座 27楼 F室,509,722
417,,44 年,,505,万,荃湾市中心,富华中心 19楼 G室,392,473
418,,54 年,,700,万,太子,金利大厦 十四楼 B室,675,
419,2房,22 年,东北,579.5,万,粉岭,牵晴间 6座 20楼 G室,428,587
420,2房,5 年,西南,835,万,元朗站,GRAND YOHO 1期 2座 21楼 G室,520,
421,3房,25 年,,820,万,愉景新城,愉景新城 1期 3座 25楼 D室,582,723
422,2房,13 年,西南,752,万,大角咀,I-HOME 23楼 B室,457,620
423,,40 年,,350,万,深水埗,长康大厦 八楼 A室,259,406
424,,29 年,西南,550,万,马鞍山,新港城 1期 B座 24楼 3室,348,425
425,1房,3 年,,468,万,粉岭,囍逸 2座 9楼 E室,294,
426,3房,5 年,,"1,182",万,元朗站,GRAND YOHO 1期 10座 22楼 G室,689,
427,2房,5 年,东,875,万,元朗站,GRAND YOHO 1期 9座 8楼 G室,544,
428,,32 年,东南,900,万,西半山,学士台 3座 十四楼 A室,531,620
429,2房,17 年,,840,万,坑口,蔚蓝湾畔 7座 48楼 D室,494,657
430,3房,38 年,,860,万,绿杨,绿杨新邨 L座 28楼 4室,582,667
431,,30 年,,403,万,太子,新利大厦 9楼 A室,306,379
432,3房,22 年,东南,"1,000",万,粉岭,牵晴间 3座 30楼 D室,986,"1,268"
433,3房,24 年,西南,885,万,愉景新城,愉景新城 3期 11座 6楼 A室,658,822
434,,31 年,,603.8,万,粉岭,粉岭中心 1期 B座 13楼 3室,513,652
435,,5 年,,"1,074.63",万,元朗站,GRAND YOHO 2期 3座 12楼 B室,634,
436,3房,23 年,西南,765,万,坑口,新宝城 2座 4楼 F室,548,757
437,1房,6 年,,955,万,坚尼地城,IMPERIAL KENNEDY 16楼 B室,388,497
438,3房,22 年,,850,万,粉岭,牵晴间 8座 22楼 B室,714,978
439,,28 年,,700,万,坚尼地城,海怡花园 3座 4楼 B室,422,561
440,2房,20 年,南,580,万,元朗站,采叶庭 13座 3楼 E室,460,609
441,,28 年,,515,万,粉岭,碧湖花园 6座 23楼 G室,400,518
442,2房,4 年,,680,万,马鞍山,荟朗 1座 7楼 B05室,411,
443,2房,3 年,东南,"1,275",万,启德新区,OASIS KAI TAK 5座 27楼 A室,509,
444,2房,18 年,东北,707.5,万,元朗站,YOHO TOWN 1期 9座 20楼 F室,461,595
445,2房,18 年,西南,600,万,元朗站,YOHO TOWN 1期 1座 36楼 E室,433,580
446,2房,22 年,,650,万,荃湾市中心,康睦庭园 1座 17楼 A室,468,595
447,,24 年,,720,万,元朗东南,朗晴居 7座 5楼 E室,748,893
448,2房,40 年,西南,630,万,沙田,沙田中心 唐宁大厦 (D座) 13楼 A室,390,487
449,,25 年,东南,850,万,粉岭,广福苑 7楼 C室,916,"1,235"
450,2房,38 年,东南,700,万,绿杨,绿杨新邨 G座 25楼 6室,445,511
451,3房,38 年,西南,760,万,绿杨,绿杨新邨 P座 4楼 8室,582,671
452,2房,22 年,东南,540,万,粉岭,牵晴间 4座 13楼 D室,384,531
453,2房,38 年,,520,万,柴湾,高威阁 2座 十二楼 D室,396,484
454,3房,12 年,,"1,720",万,坚尼地城,傲翔湾畔 8楼 D室,790,"1,074"
455,,45 年,,339,万,深水埗,华都大厦 14楼 C室,196,
456,3房,34 年,,890,万,柴湾,新翠花园 1座 23楼 D室,593,717
457,,38 年,,383,万,深水埗,宝喜大厦 5楼 A室,245,345
458,,47 年,,588,万,坚尼地城,山市大厦 14楼 C室,410,527
459,,24 年,西南,783,万,元朗东南,朗晴居 1座 11楼 E室,739,883
460,1房,3 年,东北,820,万,启德新区,OASIS KAI TAK 5座 15楼 D室,,
461,1房,40 年,,568,万,沙田,沙田中心 东宁大厦 (A座) 9楼 E室,288,357
462,,26 年,,"1,050",万,坚尼地城,翰林轩 2座 33楼 C室,464,627
463,2房,22 年,东北,608,万,粉岭,牵晴间 7座 26楼 B室,431,593
464,,28 年,,426,万,太子,永华大厦 8楼 B室,263,425
465,3房,18 年,,750,万,元朗站,YOHO TOWN 1期 8座 31楼 G室,545,704
466,,59 年,,"1,300",万,铜锣湾,美登大厦 9楼 A室,"1,142","1,500"
467,2房,23 年,东北,660,万,坑口,新宝城 3座 44楼 C室,377,527
468,,38 年,,500,万,坚尼地城,宝德大厦 16楼 C室,344,476
469,2房,16 年,,869,万,坚尼地城,域多利道60号 12楼 B室,466,633
470,2房,6 年,南,"1,200",万,铜锣湾,yoo Residence 5楼 C室,519,732
471,,58 年,,"2,348",万,铜锣湾,美亚美大厦 9楼 A室,"1,263","1,600"
472,2房,38 年,东北,708,万,绿杨,绿杨新邨 L座 28楼 3室,451,518
473,3房,8 年,,680,万,元朗东南,尚悦 8座 2楼 G室,660,900
474,,2 年,,397,万,太子,逸新 23楼 C室,179,
475,,29 年,东南,700,万,粉岭,海燕花园 1期 新运路68号 5楼 J室,760,972
476,2房,19 年,南,815,万,荃湾市中心,名逸居 2座 12楼 E室,551,725
477,,5 年,,"1,448.72",万,元朗站,GRAND YOHO 2期 5座 27楼 B室,723,
478,,50 年,,393,万,柴湾,建业大楼 十八楼 A室,280,380
479,,26 年,,"1,480",万,坚尼地城,翰林轩 2座 9楼 E室,790,"1,048"
480,,31 年,,628,万,粉岭,粉岭中心 1期 F座 22楼 6室,535,694
481,3房,38 年,东北,755,万,绿杨,绿杨新邨 A座 4楼 1室,582,671
482,,5 年,,"1,921.32",万,元朗站,GRAND YOHO 2期 5座 9楼 C室,"1,186",
483,,24 年,,670,万,元朗东南,朗晴居 13座 11楼 E室,573,682
484,2房,8 年,东北,535,万,元朗东南,尚悦 1座 1楼 H室,424,574
485,,5 年,,"1,553.54",万,元朗站,GRAND YOHO 2期 5座 9楼 E室,899,
486,,32 年,,866,万,坚尼地城,西宁阁 4楼 B室,475,582
487,,66 年,,678,万,太子,花园街224A号 二楼 224A号,748,
488,,28 年,,880,万,马鞍山,新港城 3期 N座 29楼 5室,503,671
489,3房,33 年,,"3,100",万,跑马地,比华利山 K座 30楼 2室,"1,083","1,385"
490,3房,28 年,西南,720,万,粉岭,蔚翠花园 6座 1楼 A室,716,826
491,2房,22 年,东南,590,万,粉岭,牵晴间 1座 27楼 C室,433,590
492,2房,8 年,西北,508,万,元朗东南,尚悦 10座 15楼 D室,357,499
493,3房,25 年,西北,935,万,愉景新城,愉景新城 1期 3座 35楼 A室,682,848
494,2房,18 年,西南,631.8,万,元朗站,YOHO TOWN 1期 9座 2楼 H室,422,544
495,3房,28 年,,800,万,粉岭,蔚翠花园 5座 11楼 A室,716,826
496,,36 年,,595,万,坚尼地城,嘉辉花园 A座 三十三楼 1室,281,370
497,2房,33 年,,528,万,荃湾市中心,华都中心 20楼 6室,339,470
498,,25 年,西南,716,万,马鞍山,新港城 5期 海涛居 3座 21楼 G室,417,544
499,3房,11 年,南,992,万,元朗站,YOHO TOWN 2期 YOHO MIDTOWN 2座 22楼 E室,608,795
500,3房,18 年,东南,797,万,元朗站,YOHO TOWN 1期 2座 32楼 H室,516,684
501,,3 年,,"7,018.2",万,启德新区,龙誉 2A座 38楼 F室,"1,671",
502,,27 年,,450,万,坚尼地城,持平大厦 11楼 B室,245,409
503,,36 年,,510,万,坚尼地城,嘉辉花园 B座 三十一楼 4室,262,339
504,2房,18 年,西南,640,万,元朗站,YOHO TOWN 1期 5座 15楼 B室,393,525
505,2房,10 年,,652.8,万,元朗站,尚豪庭 2座 9楼 C室,512,665
506,3房,20 年,东南,780,万,元朗站,采叶庭 2座 11楼 F室,617,814
507,2房,34 年,,760,万,柴湾,新翠花园 2座 30楼 D室,499,599
508,,1 年,东南,"2,407.26",万,启德新区,尚‧珒溋 1座 16楼 B室,854,
509,,1 年,,"2,212.26",万,启德新区,尚‧珒溋 1座 29楼 C室,760,
510,,26 年,,818,万,坚尼地城,翰林轩 1座 18楼 F室,401,529
511,3房,38 年,,838,万,绿杨,绿杨新邨 F座 25楼 5室,582,671
512,3房,11 年,,"1,250",万,元朗站,YOHO TOWN 2期 YOHO MIDTOWN 6座 20楼 D室,898,"1,153"
513,2房,20 年,西南,635,万,元朗站,采叶庭 3座 8楼 G室,509,673
514,2房,8 年,,585,万,元朗东南,尚悦 6座 21楼 C室,442,607
515,2房,25 年,西北,725,万,愉景新城,愉景新城 1期 2座 31楼 G室,495,610
516,4房,20 年,,"6,900",万,跑马地,礼顿山 3座 23楼 A室,"1,461","1,911"
517,,5 年,,"1,408.94",万,元朗站,GRAND YOHO 2期 5座 15楼 D室,788,
518,,5 年,,"1,482.78",万,元朗站,GRAND YOHO 2期 5座 18楼 D室,788,
519,,55 年,,525,万,太子,南风楼 14楼 A室 (前座),550,
520,,31 年,,810,万,坚尼地城,卿旺大厦 10楼 A室,389,560
521,2房,16 年,,"1,428",万,坚尼地城,怡峰 36楼 B室,590,770
522,2房,36 年,东,740,万,沙田,希尔顿中心 C座 二十九楼 2室,427,670
523,2房,25 年,西南,708,万,愉景新城,愉景新城 1期 3座 23楼 G室,495,610
524,,31 年,,593.8,万,粉岭,粉岭中心 1期 E座 14楼 6室,513,658
525,,55 年,,560,万,太子,花园街217号 十楼 B室,428,
526,2房,3 年,北,943,万,启德新区,嘉汇 9座 2楼 B室,447,
527,3房,17 年,西北,"1,168",万,坑口,蔚蓝湾畔 1座 59楼 F室,654,878
528,,5 年,,863.12,万,元朗站,GRAND YOHO 2期 8座 8楼 D室,534,
529,,47 年,,458,万,大角咀,福和大楼 A座 九楼 4室,355,
530,,5 年,,"1,425.11",万,元朗站,GRAND YOHO 2期 5座 13楼 D室,788,
531,,5 年,,"1,463.31",万,元朗站,GRAND YOHO 2期 8座 29楼 A室,713,
532,,27 年,,"1,130",万,马鞍山,雅典居 9座 12楼 B室,874,"1,068"
533,2房,25 年,东北,723,万,愉景新城,愉景新城 1期 3座 33楼 C室,495,610
534,,27 年,北,960,万,马鞍山,雅典居 5座 7楼 A室,727,901
535,,63 年,,610,万,荃湾市中心,众安街114号 二楼 前座,621,
536,,44 年,,430,万,坚尼地城,隆基大楼 9楼 A室,297,400
537,2房,4 年,东南,"1,250",万,启德新区,启德1号 II 大厦第5座 33楼 B室,561,
538,2房,24 年,东北,725,万,愉景新城,愉景新城 3期 10座 23楼 C室,493,610
539,,27 年,北,"1,260",万,马鞍山,雅典居 9座 22楼 B室,874,"1,068"
540,,55 年,,485,万,铜锣湾,宝荣大楼 利园山道61-73号 8楼 O室,355,500
541,,2 年,,408,万,太子,逸新 22楼 B室,182,
542,,26 年,,420.3,万,太子,昌好大厦 15楼 252号,283,520
543,,27 年,北,"1,300",万,马鞍山,雅典居 9座 18楼 B室,874,"1,068"
544,,27 年,西南,628,万,马鞍山,新港城 4期 H座 33楼 7室,363,495
545,2房,4 年,西北,"1,088",万,启德新区,启德1号 I 大厦第2座 12楼 E室,524,
546,,51 年,,328.8,万,太子,新填地街606号 三楼 606号,431,
547,2房,10 年,,665,万,元朗站,尚豪庭 3座 9楼 A室,519,670
548,,26 年,,"1,000",万,坚尼地城,翰林轩 2座 17楼 C室,464,627
549,2房,4 年,东南,"1,120",万,启德新区,启德1号 II 大厦第3座 10楼 A室,547,
550,3房,49 年,,"1,568",万,何文田,太子台 12楼 C室,805,"1,000"
551,,39 年,西南,418,万,元朗市中心,好顺意大厦 B座 17楼 1室,266,379
552,,24 年,东北,605,万,马鞍山,雅景台 4座 36楼 F室,475,639
553,1房,27 年,,538,万,太子,万盛阁 1座 15楼 A室,356,503
554,,26 年,,550,万,坚尼地城,翠荷苑 11楼 C室,310,499
555,3房,30 年,,"1,000",万,沙田,新城市广场 3期 红棉阁 (5座) 23楼 A室,640,753
556,,24 年,西北,700,万,元朗东南,朗晴居 10座 2楼 G室,744,888
557,,55 年,,503,万,坚尼地城,联兴新楼 五楼 5室,410,480
558,,34 年,,501,万,大角咀,颂贤花园 1座 5楼 C室,372,442
559,2房,18 年,东南,643.8,万,元朗站,YOHO TOWN 1期 5座 21楼 G室,393,525
560,1房,3 年,北,675,万,启德新区,龙誉 2B座 16楼 C室,320,
561,2房,17 年,东北,915,万,坑口,蔚蓝湾畔 3座 30楼 H室,567,755
562,,27 年,南,620,万,马鞍山,新港城 4期 H座 6楼 6室,363,495
563,2房,22 年,,563,万,粉岭,牵晴间 9座 26楼 A室,388,535
564,,5 年,,"1,318.35",万,元朗站,GRAND YOHO 2期 8座 33楼 A室,713,
565,2房,24 年,,700,万,愉景新城,愉景新城 3期 9座 40楼 B室,477,593
566,3房,24 年,,893,万,坑口,东港城 1座 27楼 D室,619,790
567,,23 年,西南,608.8,万,元朗市中心,雍翠豪园 2座 20楼 E室,488,669
568,2房,24 年,东北,690,万,坑口,东港城 1座 11楼 C室,463,588
569,2房,11 年,北,680,万,元朗站,YOHO TOWN 2期 YOHO MIDTOWN 3座 12楼 B室,475,621
570,,51 年,,420,万,荃湾市中心,荃运楼 六楼 B室,511,
571,,21 年,,595,万,铜锣湾,汇创大厦 21楼 488号,306,521
572,2房,23 年,东北,695,万,坑口,新宝城 3座 21楼 A室,436,604
573,2房,23 年,,700,万,坑口,新宝城 6座 43楼 D室,436,606
574,,41 年,,405,万,深水埗,安发大厦 十楼 C室,281,
575,,54 年,,600,万,太子,德兴大楼 二楼 172号,902,
576,3房,12 年,,"1,380",万,深水埗,翠峰28 6楼 B室,841,"1,134"
577,,40 年,,408,万,太子,金荔阁 三楼 B室,268,385
578,,42 年,,473,万,太子,金明阁 15楼 C室,282,413
579,,5 年,,"1,124.79",万,元朗站,GRAND YOHO 2期 3座 16楼 B室,634,
580,,23 年,,596,万,元朗市中心,雍翠豪园 1座 31楼 F室,446,605
581,,27 年,东,628,万,马鞍山,新港城 4期 M座 22楼 2室,363,492
582,3房,25 年,西北,910,万,愉景新城,愉景新城 1期 3座 23楼 A室,682,848
583,,43 年,,858,万,铜锣湾,伊利莎伯大厦 A座 25楼 A6室,540,623
584,1房,3 年,北,800,万,启德新区,龙誉 1B座 18楼 D室,358,
585,2房,18 年,,730,万,太子,别树华轩 19楼 E室,415,606
586,,50 年,,"1,300",万,湾仔,愉景楼 九楼 G室,958,"1,184"
587,,22 年,,"1,028",万,坚尼地城,高逸华轩 51楼 J室,450,610
588,2房,18 年,西南,670,万,元朗站,YOHO TOWN 1期 8座 13楼 H室,422,544
589,,1 年,,"1,605.95",万,启德新区,尚‧珒溋 1座 6楼 D室,658,
590,2房,11 年,南,813,万,元朗站,YOHO TOWN 2期 YOHO MIDTOWN 3座 11楼 D室,507,653
591,2房,23 年,东北,663.3,万,坑口,新宝城 5座 12楼 A室,434,603
592,,38 年,,398,万,元朗市中心,泰祥大厦 10楼 B室,396,512
593,,5 年,,"1,420.91",万,元朗站,GRAND YOHO 2期 5座 12楼 D室,788,
594,2房,24 年,西南,695,万,坑口,东港城 5座 10楼 C室,466,592
595,2房,23 年,东南,678,万,坑口,新宝城 5座 4楼 H室,434,603
596,3房,22 年,,950,万,粉岭,牵晴间 6座 30楼 D室,962,"1,238"
597,1房,44 年,,370,万,柴湾,金源洋楼 A座 7楼 3室,240,357
598,,29 年,,790,万,坚尼地城,海怡花园 2座 11楼 3室,378,532
599,,37 年,,710,万,坚尼地城,美菲阁 2座 30楼 H室,335,408
600,,48 年,,320,万,大角咀,荔塘大厦 B座 八楼 B9室,228,293
601,1房,7 年,,968,万,坚尼地城,加多近山 42楼 C室,377,486
602,2房,39 年,东北,500,万,沙田,好运中心 椰林阁 (B2座) 19楼 G室,326,416
603,2房,35 年,,615,万,沙田,伟华中心 1座 27楼 B室,358,483
604,2房,5 年,,869.8,万,元朗站,GRAND YOHO 1期 1座 20楼 F室,508,
605,,28 年,,550,万,粉岭,粉岭名都 富临阁 (6座) 9楼 C室,454,608
606,,31 年,东南,400,万,元朗市中心,恒富大厦 15楼 C室,299,405
607,2房,8 年,,490,万,元朗东南,尚悦 12座 2楼 E室,355,492
608,2房,13 年,,898,万,太子,百汇轩 28楼 B室,468,670
609,,29 年,,488,万,马鞍山,新港城 2期 D座 2楼 7室,321,405
610,,5 年,,918.89,万,元朗站,GRAND YOHO 2期 8座 20楼 D室,534,
611,3房,4 年,西北,"1,290",万,启德新区,启德1号 I 大厦第1座 9楼 J室,833,
612,,22 年,东北,865,万,坑口,南丰广场 5座 15楼 A室,659,877
613,,44 年,,299,万,元朗市中心,庆年大楼 二楼 B室,353,
614,3房,17 年,西北,"1,140",万,坑口,蔚蓝湾畔 7座 7楼 H室,802,"1,082"
615,3房,25 年,东北,868,万,愉景新城,愉景新城 1期 2座 36楼 E室,582,723
616,2房,36 年,西南,588,万,荃湾市中心,荃锦中心 2座 4楼 E室,436,568
617,2房,3 年,南,"1,040",万,启德新区,天寰 天海汇2座 22楼 C室,461,
618,2房,14 年,东北,672.8,万,大角咀,柏丰28 9楼 B室,421,556
619,2房,3 年,东南,"1,155",万,启德新区,OASIS KAI TAK 5座 11楼 A室,509,
620,,43 年,,388,万,柴湾,雅丽阁 四楼 K室,309,360
621,2房,35 年,东南,578,万,沙田,伟华中心 3座 7楼 F室,358,483
622,,24 年,北,950,万,马鞍山,雅涛居 2座 10楼 C室,696,952
623,,27 年,,"1,250",万,马鞍山,雅典居 1座 11楼 C室,874,"1,068"
624,,27 年,东,600,万,马鞍山,新港城 4期 E座 17楼 6室,338,461
625,2房,10 年,西北,660,万,元朗站,尚豪庭 2座 18楼 C室,512,665
626,3房,8 年,东北,685,万,元朗东南,尚悦 11座 2楼 C室,660,900
627,,43 年,,680,万,铜锣湾,伊利莎伯大厦 A座 8楼 A6室,540,623
628,,5 年,,"1,400",万,元朗站,GRAND YOHO 2期 5座 10楼 D室,788,
629,,5 年,,"1,899",万,元朗站,GRAND YOHO 2期 8座 47楼 F室,907,
630,,57 年,,550,万,太子,京华大厦 11楼 G室,480,
631,2房,5 年,,883,万,元朗站,GRAND YOHO 1期 1座 26楼 E室,523,
632,3房,20 年,东,810,万,元朗站,采叶庭 12座 12楼 B室,658,863
633,2房,23 年,,688,万,坑口,新宝城 2座 11楼 E室,434,603
634,2房,24 年,,708,万,坑口,东港城 6座 7楼 G室,466,599
635,,32 年,东北,930,万,西半山,学士台 2座 六楼 D室,531,620
636,,45 年,,319,万,太子,大南唐楼 二楼 A室,390,
637,2房,24 年,东北,700,万,坑口,东港城 2座 8楼 B室,463,595
638,1房,36 年,西南,472,万,沙田,希尔顿中心 A座 四楼 5室,274,437
639,,58 年,,700,万,大角咀,福全街50号 二楼 50号,702,
640,,1 年,,"2,045.12",万,启德新区,尚‧珒溋 2座 32楼 F室,752,
641,2房,5 年,西,828.8,万,元朗站,GRAND YOHO 1期 2座 19楼 H室,515,
642,,50 年,,"1,000",万,湾仔,愉景楼 二十二楼 B室,678,
643,2房,35 年,,529,万,沙田,伟华中心 3座 6楼 G室,297,404
644,2房,19 年,西北,605,万,粉岭,帝庭轩 御庭轩 7座 11楼 B室,460,659
645,,5 年,,"1,077.8",万,元朗站,GRAND YOHO 2期 3座 13楼 B室,634,
646,,5 年,,"1,795.68",万,元朗站,GRAND YOHO 2期 8座 30楼 F室,907,
647,,22 年,西南,643.8,万,坑口,南丰广场 5座 20楼 F室,375,512
648,3房,24 年,,950,万,坑口,东港城 7座 36楼 H室,623,796
649,,1 年,,"1,557.41",万,启德新区,尚‧珒溋 2座 35楼 E室,585,
650,,37 年,东北,318,万,元朗市中心,宝丰大厦 9楼 C室,205,333
651,,5 年,,"1,387.3",万,元朗站,GRAND YOHO 2期 5座 11楼 D室,788,
652,2房,21 年,,"1,038.8",万,坚尼地城,加惠台 1座 36楼 H室,505,632
653,2房,20 年,,531,万,太子,嘉庆苑 8楼 B室,321,485
654,,1 年,西北,"1,646.42",万,启德新区,尚‧珒溋 1座 9楼 D室,658,
655,,32 年,,890,万,坚尼地城,西宁阁 22楼 A室,475,583
656,2房,3 年,,838,万,启德新区,嘉汇 8座 12楼 C室,501,
657,2房,8 年,,523.8,万,元朗东南,尚悦 6座 19楼 D室,357,499
658,,5 年,,"1,490.08",万,元朗站,GRAND YOHO 2期 8座 48楼 A室,713,
659,2房,17 年,东北,720,万,坑口,蔚蓝湾畔 3座 36楼 F室,490,657
660,,41 年,,438,万,深水埗,安发大厦 八楼 B室,319,
661,,42 年,,612,万,坚尼地城,海傍大厦 17楼 E室,344,430
662,2房,20 年,西北,572,万,元朗站,采叶庭 7座 11楼 H室,460,609
663,2房,23 年,西南,672.8,万,坑口,新宝城 1座 22楼 F室,377,527
664,,32 年,北,900,万,荃湾市中心,荃湾城市广场 B座 25楼 3室,608,787
665,,28 年,,460,万,粉岭,粉岭名都 嘉兰阁 (3座) 9楼 H室,376,502
666,,59 年,,430,万,太子,鸿德大厦 三楼 D室,404,
667,,28 年,西南,500.6,万,粉岭,碧湖花园 3座 17楼 G室,400,518
668,3房,22 年,东南,735,万,粉岭,牵晴间 5座 25楼 C室,570,782
669,,56 年,,545,万,荃湾市中心,广益大厦 十一楼 5室(NO. 323),479,
670,2房,19 年,,580,万,粉岭,帝庭轩 御庭轩 8座 28楼 E室,423,605
671,2房,34 年,,535,万,粉岭,粉岭花园 15座 3楼 A室,467,540
672,1房,39 年,西南,536,万,沙田,好运中心 柏林阁 (C2座) 15楼 E室,348,438
673,2房,8 年,东北,571.8,万,元朗东南,尚悦 1座 17楼 J室,411,556
674,2房,17 年,东北,945,万,坑口,蔚蓝湾畔 3座 47楼 H室,568,755
675,,27 年,北,880,万,马鞍山,海柏花园 4座 29楼 A室,520,697
676,,56 年,东南,665,万,湾仔,鸿业大厦 4楼 G室,600,800
677,2房,3 年,,988,万,启德新区,天寰 天海汇3座 35楼 E室,433,
678,,32 年,,300,万,深水埗,裕兴大厦 9楼 B室,212,321
679,2房,21 年,东北,666.7,万,元朗东南,朗怡居 3座 11楼 D室,552,697
680,,58 年,,705,万,铜锣湾,丽园大厦 4楼 B室,482,600
681,2房,24 年,东北,725,万,坑口,东港城 1座 26楼 C室,463,588
682,,24 年,东北,780,万,元朗东南,朗晴居 2座 9楼 A室,739,879
683,,29 年,,442,万,元朗市中心,建辉大厦 4楼 D室,321,418
684,,48 年,,578,万,荃湾市中心,荣安大厦 7楼 B室,494,650
685,3房,30 年,北,"2,050",万,何文田,海伦苑 15楼 B室,"1,145","1,438"
686,2房,3 年,,"1,000",万,启德新区,天寰 天海汇2座 23楼 F室,461,
687,,29 年,东南,770,万,马鞍山,新港城 2期 D座 20楼 4室,490,605
688,1房,4 年,,528,万,马鞍山,荟朗 1座 7楼 B07室,296,
689,,39 年,,368.8,万,元朗市中心,年发大厦 8楼 B室,301,391
690,,46 年,东南,318,万,元朗市中心,远东发展元朗大厦 16楼 D室,327,434
691,,31 年,,800,万,坚尼地城,卿旺大厦 7楼 A室,389,560
692,,39 年,西北,405,万,元朗市中心,好顺意大厦 B座 3楼 2室,266,379
693,,54 年,,428,万,湾仔,百玲大厦 A座 十楼 3室,343,
694,,46 年,,505,万,湾仔,积福大厦 十楼 B室,348,480
695,3房,24 年,东南,910,万,坑口,东港城 8座 29楼 H室,623,796
696,,57 年,,573,万,坚尼地城,西环新楼 4楼 4室,475,750
697,2房,23 年,,710,万,坑口,新宝城 2座 8楼 H室,436,606
698,2房,18 年,北,718,万,元朗站,YOHO TOWN 1期 7座 12楼 F室,463,598
699,,37 年,,545,万,坚尼地城,美菲阁 1座 17楼 H室,302,375
700,,23 年,,592,万,坚尼地城,文豪花园 1楼 B室,325,475
701,,46 年,,300,万,深水埗,鸿运大厦 十楼 D室,304,
702,,42 年,,933,万,湾仔,爱群阁 17楼 B室,580,752
703,,28 年,,448,万,太子,永华大厦 9楼 A室,269,441
704,,49 年,,530,万,荃湾市中心,昌泰大楼 九楼 D室,446,578
705,,5 年,,"1,237.14",万,元朗站,GRAND YOHO 2期 3座 7楼 F室,720,
706,,27 年,东北,612.8,万,马鞍山,新港城 4期 J座 22楼 3室,338,465
707,2房,3 年,,950,万,启德新区,嘉汇 2座 9楼 F室,501,
708,2房,18 年,,627.4,万,元朗站,YOHO TOWN 1期 5座 32楼 F室,393,525
709,2房,24 年,,725,万,坑口,东港城 5座 45楼 C室,466,592
710,,2 年,,395,万,太子,逸新 27楼 C室,179,
711,3房,23 年,,998,万,坑口,新宝城 1座 26楼 H室,644,884
712,,36 年,,530,万,坚尼地城,嘉辉花园 A座 二十六楼 7室,262,357
713,,24 年,,750,万,元朗市中心,合益广场 B座 17楼 1室,844,"1,183"
714,,42 年,,608,万,湾仔,爱群阁 9楼 A室,384,498
715,3房,30 年,,900,万,沙田,新城市广场 3期 蕙兰阁 (3座) 5楼 D室,645,758
716,,29 年,,"1,290",万,坚尼地城,海怡花园 1座 23楼 1室,595,820
717,2房,17 年,,920,万,坑口,蔚蓝湾畔 3座 30楼 D室,567,755
718,2房,22 年,,680,万,荃湾市中心,康睦庭园 1座 25楼 E室,467,595
719,,49 年,,470,万,荃湾市中心,德宝大厦 9楼 C室,418,495
720,,3 年,南,594.8,万,启德新区,天寰 天海汇3座 8楼 B室,266,
721,2房,22 年,东北,535,万,粉岭,牵晴间 7座 11楼 H室,384,532
722,,24 年,西南,720,万,马鞍山,雅涛居 1座 25楼 E室,483,690
723,1房,40 年,西南,555,万,沙田,沙田中心 海宁大厦 (B座) 24楼 B室,297,371
724,3房,23 年,西南,845,万,坑口,新宝城 3座 37楼 F室,561,774
725,,56 年,,360,万,荃湾市中心,广益大厦 六楼 7室(NO. 321A),308,
726,2房,22 年,,540,万,粉岭,牵晴间 11座 24楼 A室,388,535
727,2房,3 年,南,980,万,启德新区,天寰 天海汇3座 31楼 F室,438,
728,,28 年,东北,690,万,元朗站,新元朗中心 2座 22楼 D室,485,599
729,3房,5 年,,900,万,元朗站,GRAND YOHO 1期 2座 43楼 F室,616,
730,3房,38 年,,700,万,绿杨,绿杨新邨 G座 3楼 1室,582,671
731,1房,21 年,,516,万,西湾河,千禧阁 15楼 B室,253,439
732,,55 年,,500,万,深水埗,长胜大厦 三楼 E室,584,
733,2房,8 年,西南,530,万,元朗东南,尚悦 1座 27楼 F室,356,493
734,,5 年,,"1,346.17",万,元朗站,GRAND YOHO 2期 5座 9楼 D室,788,
735,,5 年,,923.31,万,元朗站,GRAND YOHO 2期 3座 21楼 G室,538,
736,,5 年,,898.24,万,元朗站,GRAND YOHO 2期 8座 19楼 D室,534,
737,,36 年,,538,万,太子,富宁阁 5楼 A室,326,438
738,2房,5 年,西北,938,万,元朗站,GRAND YOHO 2期 8座 40楼 D室,532,
739,,42 年,,618,万,坚尼地城,福安大厦 13楼 C室,382,509
740,,26 年,,945,万,坚尼地城,翰林轩 1座 17楼 D室,464,627
741,,40 年,,382,万,深水埗,万和大厦 9楼 A室,182,255
742,,57 年,,"1,000",万,太子,芝兰楼 十一楼 169号,985,
743,2房,23 年,东南,668,万,坑口,新宝城 6座 19楼 G室,379,526
744,,31 年,,562,万,粉岭,粉岭中心 1期 D座 6楼 1室,476,602
745,,49 年,,503.8,万,荃湾市中心,富裕楼 A座 20楼 A4室,374,493
746,2房,39 年,,707,万,绿杨,绿杨新邨 Q座 10楼 3室,451,527
747,2房,20 年,西北,570,万,元朗站,采叶庭 7座 9楼 H室,460,609
748,2房,24 年,西南,720,万,坑口,东港城 3座 25楼 C室,466,592
749,2房,32 年,,800,万,沙田,蔚景园 1座 23楼 H室,459,569
750,,25 年,南,850,万,马鞍山,新港城 5期 海涛居 4座 4楼 H室,649,824
751,3房,17 年,,"1,200",万,坑口,蔚蓝湾畔 5座 57楼 A室,735,989
752,,38 年,,428,万,元朗市中心,鸿运中心 21楼 C室,341,485
753,,36 年,,365,万,太子,富宁阁 1楼 F室,246,323
754,,41 年,,330,万,坚尼地城,恒裕大厦 十七楼 E室,195,233
755,4房,23 年,,990,万,坑口,海悦豪园 1座 37楼 G室,672,892
756,2房,38 年,,670,万,绿杨,绿杨新邨 S座 4楼 3室,451,527
757,,28 年,,585,万,马鞍山,新港城 3期 P座 4楼 2室,337,451
758,,5 年,,"1,343.8",万,元朗站,GRAND YOHO 2期 5座 7楼 D室,788,
759,3房,27 年,,998,万,沙田,晓翠山庄 2座 1楼 D室,809,985
760,2房,32 年,东南,653.8,万,沙田,蔚景园 2座 11楼 G室,369,467
761,,41 年,,408,万,深水埗,安发大厦 七楼 A室,284,
762,,5 年,,"1,322.36",万,元朗站,GRAND YOHO 2期 5座 8楼 D室,788,
763,3房,8 年,南,728,万,元朗东南,尚悦 11座 25楼 G室,659,899
764,2房,3 年,,930,万,启德新区,天寰 天海汇3座 3楼 M室,466,
765,,42 年,,595,万,湾仔,爱群阁 17楼 G室,342,444
766,,27 年,,950,万,马鞍山,雅典居 2座 7楼 D室,727,901
767,1房,3 年,东南,800,万,启德新区,嘉汇 8座 12楼 E室,349,
768,,59 年,,"1,820",万,铜锣湾,加宁大厦 六楼 A室,"1,206","1,600"
769,2房,22 年,,600,万,粉岭,牵晴间 9座 29楼 C室,433,591
770,2房,13 年,西南,790,万,大角咀,I-HOME 9楼 A室,519,705
771,2房,17 年,,968,万,坚尼地城,泓都 3座 16楼 E室,471,615
772,,33 年,,928,万,坚尼地城,嘉安大厦 B座 17楼 2室,482,655
773,,57 年,,655,万,太子,长宁大厦 十三楼 E室,700,
774,,37 年,,650,万,坚尼地城,美菲阁 1座 24楼 J室,330,420
775,,51 年,,750,万,铜锣湾,珠城大厦 A座 8楼 A7室,563,730
776,,26 年,,"1,852",万,坚尼地城,翰林轩 1座 41楼 B室,790,"1,048"
777,1房,4 年,,500,万,马鞍山,荟朗 1座 20楼 A06室,283,
778,,50 年,,535,万,坚尼地城,联康新楼 12楼 10室,391,480
779,,24 年,东南,625,万,元朗东南,朗晴居 6座 2楼 D室,573,682
780,2房,20 年,东北,597,万,元朗站,采叶庭 15座 6楼 E室,460,609
781,2房,20 年,西北,618,万,元朗站,采叶庭 7座 8楼 H室,460,609
782,3房,24 年,东南,888,万,愉景新城,愉景新城 3期 9座 8楼 D室,602,748
783,2房,4 年,东北,"1,000",万,启德新区,启德1号 I 大厦第2座 10楼 B室,516,
784,2房,23 年,西南,666,万,坑口,新宝城 6座 16楼 F室,378,528
785,2房,23 年,西南,665.38,万,坑口,新宝城 3座 13楼 E室,434,603
786,1房,40 年,,443,万,柴湾,永利中心 C座 十六楼 C7室,254,371
787,2房,23 年,,750,万,坑口,海悦豪园 1座 45楼 E室,432,598
788,2房,13 年,,550,万,太子,富威阁 19楼 A室,324,498
789,,5 年,,"1,343.02",万,元朗站,GRAND YOHO 2期 8座 37楼 A室,713,
790,3房,4 年,东南,"1,300",万,启德新区,启德1号 I 大厦第2座 31楼 A室,584,
791,3房,22 年,,675,万,粉岭,牵晴间 5座 13楼 F室,570,789
792,,26 年,,795,万,坚尼地城,翰林轩 2座 15楼 A室,401,529
793,,22 年,南,960,万,坚尼地城,高逸华轩 29楼 A室,434,623
794,2房,39 年,,600,万,沙田,好运中心 桂林阁 (D2座) 22楼 H室,427,559
795,,59 年,东,725,万,太子,恒安大楼 2楼 163A号,855,
796,,4 年,,400,万,马鞍山,荟朗 1座 20楼 A03室,238,
797,3房,17 年,西南,"1,618",万,坑口,蔚蓝湾畔 7座 39楼 B室,949,"1,268"
798,,5 年,,"1,490.53",万,元朗站,GRAND YOHO 2期 5座 26楼 B室,723,
799,,5 年,,"1,080.96",万,元朗站,GRAND YOHO 2期 3座 15楼 B室,634,
800,1房,9 年,北,880,万,湾仔,尚汇 12楼 D室,368,520
801,3房,18 年,,821.8,万,元朗站,YOHO TOWN 1期 8座 13楼 G室,545,704
802,2房,8 年,,510,万,元朗东南,尚悦 3座 27楼 E室,356,492
803,2房,11 年,,800,万,元朗站,YOHO TOWN 2期 YOHO MIDTOWN 9座 32楼 F室,534,687
804,2房,8 年,南,580,万,元朗东南,尚悦 6座 10楼 B室,440,597
805,3房,11 年,,"1,050",万,元朗站,YOHO TOWN 2期 YOHO MIDTOWN 7座 31楼 F室,691,897
806,2房,5 年,,965,万,元朗站,GRAND YOHO 1期 9座 19楼 E室,592,
807,,5 年,,882.24,万,元朗站,GRAND YOHO 2期 8座 12楼 D室,534,
808,,56 年,,710,万,太子,太华楼 十一楼 B室,545,
809,1房,9 年,北,960,万,湾仔,尚汇 12楼 C室,368,520
810,,3 年,东,538,万,启德新区,龙誉 1B座 19楼 C室,228,
811,2房,8 年,东北,520,万,元朗东南,尚悦 9座 20楼 F室,355,492
812,,65 年,,"2,073.2",万,跑马地,乐景台 3 号 地下 3号,"1,150","1,450"
813,2房,29 年,,378,万,粉岭,嘉宏中心 A座 7楼 B室,293,472
814,,48 年,,388,万,柴湾,仁乐大厦 B座 14楼 V室,285,
815,,50 年,,528,万,坚尼地城,联康新楼 8楼 4室,391,488
816,2房,14 年,,755,万,大角咀,柏丰28 22楼 A室,457,607
817,,55 年,,315,万,太子,南风楼 7楼 C室 (後座),223,
818,2房,18 年,,645,万,元朗站,YOHO TOWN 1期 1座 38楼 B室,393,525
819,,24 年,东北,718,万,元朗东南,朗晴居 2座 1楼 B室,744,888
820,,5 年,,879.63,万,元朗站,GRAND YOHO 2期 3座 16楼 G室,538,
821,1房,3 年,北,800,万,启德新区,龙誉 1A座 29楼 G室,351,
822,1房,3 年,东北,820,万,启德新区,OASIS KAI TAK 3座 31楼 E室,,
823,,27 年,,628.8,万,太子,万盛阁 2座 6楼 C室,442,550
824,2房,38 年,,608,万,绿杨,绿杨新邨 A座 11楼 3室,451,518
825,2房,8 年,,525,万,元朗东南,尚悦 8座 18楼 F室,355,492
826,3房,27 年,,"1,380",万,沙田,晓翠山庄 7座 1楼 C室,"1,212","1,410"
827,,5 年,,"1,725.02",万,元朗站,GRAND YOHO 1期 9座 31楼 F室,799,
828,,62 年,,860,万,铜锣湾,百德大厦 C座 7楼 C4室,688,800
829,,37 年,,575,万,坚尼地城,南海大厦 7楼 2室,316,394
830,,5 年,,885,万,元朗站,GRAND YOHO 2期 3座 18楼 G室,538,
831,,47 年,,325,万,粉岭,联昌大楼 三楼 4室(36号前座),538,
832,,30 年,,745,万,坚尼地城,盈基花园 宝龙阁 (1座) 9楼 B室,377,506
833,,27 年,,998,万,马鞍山,雅典居 7座 16楼 D室,727,901
834,,49 年,,495,万,荃湾市中心,荃好景大厦 12楼 B室,369,491
835,,5 年,,894.68,万,元朗站,GRAND YOHO 2期 3座 20楼 G室,538,
836,2房,24 年,东南,738,万,坑口,东港城 1座 36楼 G室,463,595
837,,56 年,北,"1,290",万,铜锣湾,海宫大厦 五楼 B室,717,900
838,,27 年,,640,万,马鞍山,海柏花园 3座 9楼 B室,426,576
839,,24 年,东南,725,万,元朗东南,朗晴居 8座 1楼 B室,730,876
840,,24 年,,919,万,元朗市中心,合益广场 B座 18楼 2室,844,"1,183"
841,,5 年,,961.65,万,元朗站,GRAND YOHO 2期 8座 22楼 D室,534,
842,2房,45 年,,462,万,柴湾,华泰大厦 11楼 E室,357,
843,,27 年,西南,625,万,马鞍山,新港城 4期 F座 12楼 7室,363,496
844,,27 年,北,930,万,马鞍山,新港城 4期 G座 28楼 4室,618,830
845,,4 年,,415,万,马鞍山,荟朗 2座 16楼 A02室,221,
846,3房,27 年,,"1,000",万,沙田,晓翠山庄 11座 5楼 A室,817,978
847,,39 年,,838,万,绿杨,绿杨新邨 K座 17楼 4室,582,667
848,,24 年,东北,628,万,元朗东南,朗晴居 10座 2楼 B室,578,689
849,,42 年,北,409,万,坚尼地城,太白楼 二楼 B室,268,300
850,2房,19 年,东北,860,万,荃湾市中心,海天豪苑 25楼 B室,605,787
851,,43 年,,"2,500",万,跑马地,雅诗大厦 10楼 A室,"1,051","1,222"
852,,46 年,,353,万,太子,宝石大楼 四楼 42号,314,
853,2房,11 年,,828,万,元朗站,YOHO TOWN 2期 YOHO MIDTOWN 6座 38楼 A室,478,618
854,4房,20 年,,"9,180",万,跑马地,礼顿山 5座 22楼 A室,"1,724","2,238"
855,1房,40 年,,610,万,沙田,沙田中心 安宁大厦 (E座) 16楼 B室,347,452
856,,49 年,,500,万,荃湾市中心,富裕楼 A座 21楼 A4室,374,493
857,3房,8 年,南,798,万,元朗东南,尚悦 7座 27楼 C室,639,879
858,1房,36 年,西南,518,万,沙田,希尔顿中心 C座 二十九楼 5室,274,437
859,,24 年,北,"1,000",万,马鞍山,雅涛居 1座 21楼 A室,779,"1,053"
860,2房,17 年,,"1,098",万,坚尼地城,泓都 1座 30楼 C室,496,655
861,,50 年,,515,万,湾仔,永德大厦 A座 5楼 2室,374,400
862,,38 年,,368,万,深水埗,友来大厦 七楼 F室,250,337
863,,29 年,西,780,万,马鞍山,新港城 1期 B座 24楼 4室,568,687
864,,38 年,,648,万,坚尼地城,时美阁 22楼 B室,330,494
865,,25 年,西北,"1,560",万,马鞍山,新港城 5期 海涛居 1座 20楼 A室,932,"1,223"
866,2房,18 年,东南,637,万,元朗站,YOHO TOWN 1期 5座 26楼 G室,393,525
867,,5 年,,"1,331.1",万,元朗站,GRAND YOHO 2期 5座 13楼 B室,720,
868,,47 年,,430,万,荃湾市中心,安富大厦 十六楼 B室,316,424
869,2房,39 年,西北,720,万,绿杨,绿杨新邨 R座 20楼 5室,475,555
870,2房,11 年,,800,万,元朗站,YOHO TOWN 2期 YOHO MIDTOWN 9座 33楼 E室,538,692
871,,5 年,,"1,255",万,元朗站,GRAND YOHO 2期 5座 9楼 B室,720,
872,,5 年,,"2,381.35",万,元朗站,GRAND YOHO 2期 5座 47楼 C室,"1,188",
873,3房,38 年,东南,848,万,绿杨,绿杨新邨 B座 12楼 4室,582,667
874,,49 年,,470,万,坚尼地城,山市楼 8楼 B室,319,485
875,,62 年,,600,万,坚尼地城,山市街19-21号 四楼 21号,700,
876,,38 年,东北,368,万,元朗市中心,万丰大厦 14楼 B室,270,391
877,,36 年,,515,万,坚尼地城,嘉辉花园 A座 十六楼 4室,262,355
878,,5 年,,909.82,万,元朗站,GRAND YOHO 2期 3座 15楼 G室,538,
879,2房,22 年,南,502,万,坚尼地城,聚贤逸居 2楼 B室,259,409
880,,28 年,,555,万,粉岭,粉岭名都 嘉兰阁 (3座) 10楼 G室,454,608
881,2房,8 年,东北,588,万,元朗东南,尚悦 6座 3楼 G室,440,595
882,,59 年,,488,万,荃湾市中心,仁信大厦 十二楼 F室(NO. 10),509,
883,,43 年,,790,万,铜锣湾,伊利莎伯大厦 C座 16楼 C6室,536,623
884,,23 年,西,"1,210",万,马鞍山,海典居 2座 6楼 B室,"1,066","1,375"
885,,31 年,西北,515,万,元朗市中心,钜发大厦 1座 9楼 B室,452,561
886,,28 年,东,627,万,马鞍山,马鞍山中心 4座 10楼 C室,375,506
887,,47 年,东北,"1,733",万,何文田,美佳大厦 12楼 2室,"1,037","1,202"
888,,24 年,,646,万,元朗东南,朗晴居 15座 3楼 D室,600,726
889,1房,11 年,北,665,万,元朗站,YOHO TOWN 2期 YOHO MIDTOWN 5座 27楼 A室,362,483
890,1房,3 年,东南,900,万,启德新区,嘉汇 6座,334,
891,3房,17 年,,"1,225",万,坚尼地城,泓都 3座 10楼 J室,619,802
892,,2 年,,460,万,太子,逸新 3楼 F室,226,
893,,5 年,,"1,312.44",万,元朗站,GRAND YOHO 2期 5座 21楼 B室,720,
894,2房,21 年,东南,718,万,马鞍山,迎涛湾 1座 (A座) 21楼 E室,487,664
895,2房,11 年,北,818,万,元朗站,YOHO TOWN 2期 YOHO MIDTOWN 2座 42楼 E室,492,641
896,3房,23 年,,955,万,坑口,新宝城 4座 40楼 A室,644,884
897,2房,29 年,,"1,028",万,跑马地,汇翠台 1座 6楼 B室,532,769
898,2房,22 年,东北,560,万,粉岭,牵晴间 3座 27楼 H室,393,533
899,2房,39 年,西北,690,万,绿杨,绿杨新邨 R座 27楼 6室,445,519
900,,55 年,,550,万,坚尼地城,联发新楼 5楼 3室,429,550
901,,27 年,西南,688,万,马鞍山,海柏花园 1座 2楼 G室,424,573
902,,5 年,,884.88,万,元朗站,GRAND YOHO 2期 8座 13楼 D室,534,
903,,4 年,,426,万,马鞍山,荟晴 2座 5楼 A05室,225,
904,,59 年,,303,万,太子,花园街180号 五楼 180号,435,
905,2房,20 年,西北,597,万,元朗站,采叶庭 11座 15楼 E室,460,606
906,,5 年,,"1,324.92",万,元朗站,GRAND YOHO 2期 5座 28楼 B室,723,
907,3房,18 年,东南,848,万,元朗站,YOHO TOWN 1期 5座 37楼 H室,516,684
908,2房,19 年,东北,590,万,粉岭,帝庭轩 御庭轩 8座 33楼 D室,424,605
909,1房,3 年,南,790,万,启德新区,天寰 天海汇3座 33楼 D室,343,
910,,36 年,,520,万,坚尼地城,嘉辉花园 B座 三十二楼 6室,221,293
911,,47 年,,550,万,荃湾市中心,嘉新大楼 九楼 A室,459,600
912,2房,21 年,东北,635,万,元朗东南,朗怡居 2座 7楼 C室,531,670
913,1房,3 年,西北,815,万,启德新区,嘉汇 8座 33楼 A室,371,
914,,5 年,,"1,285.06",万,元朗站,GRAND YOHO 2期 5座 15楼 B室,720,
915,,30 年,,400,万,粉岭,粉岭中心 2期 J座 6楼 1室,465,610
916,,5 年,,"1,217.43",万,元朗站,GRAND YOHO 2期 5座 7楼 B室,720,
917,,35 年,东南,370,万,元朗市中心,好顺意大厦 A座 5楼 7室,268,354
918,,5 年,,"1,209.91",万,元朗站,GRAND YOHO 2期 3座 10楼 F室,720,
919,,5 年,,"1,406.93",万,元朗站,GRAND YOHO 2期 8座 39楼 A室,713,
920,,5 年,,866.18,万,元朗站,GRAND YOHO 2期 3座 10楼 G室,538,
921,,5 年,,"1,052.44",万,元朗站,GRAND YOHO 2期 3座 8楼 B室,634,
922,,5 年,,879.6,万,元朗站,GRAND YOHO 2期 8座 11楼 D室,534,
923,,33 年,,450,万,元朗市中心,盛发大厦 六楼 F室,405,505
924,1房,9 年,北,"1,030",万,湾仔,尚汇 22楼 C室,372,525
925,,1 年,,"1,662.92",万,启德新区,尚‧珒溋 1座 11楼 D室,658,
926,2房,21 年,西北,640,万,元朗东南,朗怡居 1座 8楼 E室,552,697
927,2房,3 年,西北,980,万,启德新区,嘉汇 2座 1楼 A室,,
928,,5 年,,940.03,万,元朗站,GRAND YOHO 2期 8座 21楼 D室,534,
929,,57 年,,635,万,铜锣湾,宝明大厦 4楼 C室,499,
930,1房,40 年,,500,万,沙田,沙田中心 东宁大厦 (A座) 4楼 E室,288,357
931,,32 年,,645.3,万,荃湾市中心,荃湾城市广场 A座 5楼 3室,608,787
932,2房,19 年,南,835,万,荃湾市中心,名逸居 1座 40楼 B室,551,725
933,,5 年,,874.24,万,元朗站,GRAND YOHO 2期 3座 13楼 G室,538,
934,,56 年,,750,万,铜锣湾,京士顿大厦 A座 3楼 3室,661,900
935,2房,32 年,,745,万,沙田,蔚景园 2座 12楼 E室,459,569
936,3房,4 年,东南,"1,350",万,启德新区,启德1号 I 大厦第1座 28楼 G室,606,
937,,34 年,,990,万,沙田,沙田广场 华星阁 (C座) 27楼 3室,612,774
938,,28 年,,530,万,粉岭,碧湖花园 8座 12楼 B室,441,572
939,,50 年,,650,万,湾仔,轩宁大厦 五楼 D室,501,
940,2房,12 年,,995,万,坚尼地城,傲翔湾畔 8楼 A室,524,714
941,,40 年,,375,万,太子,嘉兴阁 12楼 A室,290,
942,,5 年,,876.96,万,元朗站,GRAND YOHO 2期 8座 10楼 D室,534,
943,,5 年,,871.56,万,元朗站,GRAND YOHO 2期 3座 12楼 G室,538,
944,1房,4 年,东南,810,万,启德新区,启德1号 I 大厦第2座 26楼 H室,376,
945,2房,23 年,西北,688,万,坑口,新宝城 5座 30楼 D室,436,606
946,,28 年,,528,万,粉岭,粉岭名都 雅碧阁 (1座) 22楼 E室,399,533
947,,1 年,,"1,362.98",万,启德新区,尚‧珒溋 2座 5楼 D室,558,
948,,28 年,,485,万,粉岭,粉岭名都 龙腾阁 (4座) 10楼 H室,376,502
949,,39 年,东南,300,万,粉岭,和丰唐楼 二楼 C室,325,
950,,1 年,西北,"2,068.72",万,启德新区,尚‧珒溋 1座 16楼 C室,760,
951,,31 年,东南,518,万,粉岭,粉岭中心 1期 F座 11楼 1室,368,470
952,2房,22 年,东南,528,万,粉岭,牵晴间 10座 15楼 D室,384,532
953,,27 年,东,590,万,马鞍山,新港城 4期 E座 23楼 6室,338,461
954,2房,3 年,南,"1,000",万,启德新区,天寰 天海汇2座 12楼 B室,504,
955,,57 年,,250,万,荃湾市中心,雅致楼 八楼 B室(10号),447,
956,,48 年,,358,万,太子,兆业大厦 六楼 C室 (187号),286,
957,,29 年,东,622,万,马鞍山,新港城 1期 A座 28楼 7室,348,425
958,,5 年,,"1,596",万,元朗站,GRAND YOHO 1期 9座 47楼 F室,799,
959,2房,8 年,,523,万,元朗东南,尚悦 13座 27楼 E室,356,493
960,2房,17 年,,"1,000",万,坚尼地城,泓都 3座 19楼 F室,471,615
961,,22 年,,933,万,坚尼地城,高逸华轩 35楼 J室,451,610
962,2房,35 年,西北,588,万,沙田,伟华中心 1座 7楼 A室,358,483
963,,53 年,,689,万,湾仔,侨康大厦 十楼 C室,517,800
964,,4 年,,418,万,马鞍山,荟晴 1座 6楼 B05室,220,
965,,42 年,,686,万,太子,金明阁 14楼 B室,383,546
966,1房,39 年,,520,万,沙田,好运中心 桂林阁 (D2座) 1楼 E室,348,440
967,,5 年,,"1,065.12",万,元朗站,GRAND YOHO 2期 3座 10楼 B室,634,
968,3房,8 年,,780,万,元朗东南,尚悦 9座 5楼 K室,743,"1,013"
969,2房,3 年,西南,"1,348",万,启德新区,OASIS KAI TAK 3座 10楼 B室,549,
970,1房,4 年,,560,万,马鞍山,荟朗 1座 26楼 A08室,296,
971,3房,4 年,东南,"1,325",万,启德新区,启德1号 I 大厦第1座 36楼 G室,606,
972,3房,39 年,东北,830,万,沙田,好运中心 椰林阁 (B2座) 17楼 A室,505,647
973,2房,22 年,,543.8,万,粉岭,牵晴间 8座 23楼 D室,384,530
974,1房,39 年,东北,528,万,沙田,好运中心 枫林阁 (C1座) 8楼 G室,326,416
975,,44 年,,500,万,荃湾市中心,富华中心 6楼 F室,390,475
976,3房,18 年,西南,798,万,元朗站,YOHO TOWN 1期 9座 15楼 B室,545,704
977,,36 年,,550,万,坚尼地城,嘉辉花园 C座 十三楼 1室,281,370
978,2房,20 年,东北,579,万,元朗站,采叶庭 3座 6楼 D室,460,609
979,2房,40 年,,600,万,沙田,沙田中心 安宁大厦 (E座) 14楼 E室,357,466
980,,29 年,东南,728,万,马鞍山,新港城 1期 B座 5楼 8室,568,687
981,2房,17 年,东北,968,万,坑口,蔚蓝湾畔 3座 53楼 E室,568,763
982,,22 年,东南,722,万,粉岭,牵晴间 4座 11楼 C室,575,785
983,2房,25 年,东南,720,万,愉景新城,愉景新城 1期 4座 40楼 C室,474,593
984,,5 年,,"1,071.46",万,元朗站,GRAND YOHO 2期 3座 11楼 B室,634,
985,2房,22 年,西南,625,万,粉岭,牵晴间 11座 3楼 F室,401,582
986,2房,17 年,,818,万,坑口,蔚蓝湾畔 1座 37楼 G室,488,661
987,,5 年,,"1,401.57",万,元朗站,GRAND YOHO 2期 5座 20楼 B室,720,
988,,5 年,,"1,058.78",万,元朗站,GRAND YOHO 2期 3座 9楼 B室,634,
989,2房,18 年,东南,657,万,元朗站,YOHO TOWN 1期 1座 41楼 C室,393,525
990,2房,36 年,,665,万,沙田,希尔顿中心 A座 五楼 7室,412,670
991,,27 年,西,888.8,万,马鞍山,海柏花园 2座 10楼 A室,560,750
992,,27 年,,998,万,马鞍山,雅典居 4座 20楼 B室,874,"1,068"
993,,37 年,,406,万,元朗市中心,永富阁 十八楼 B室,307,382
994,,60 年,,700,万,大角咀,永信大楼 8楼 E室 (61号),780,
995,,5 年,,"1,179.89",万,元朗站,GRAND YOHO 2期 3座 15楼 F室,720,
996,2房,8 年,西北,589.8,万,元朗东南,尚悦 2座 16楼 H室,424,575
997,,48 年,,516,万,荃湾市中心,荃碧大厦 十一楼 A室,392,400
998,3房,22 年,东北,880,万,粉岭,牵晴间 12座 14楼 G室,714,978
